회사명,지역,직종
에너닷,서울 강남구,AI
뷰런테크놀로지,서울 서초구,AI
뷰런테크놀로지,서울 서초구,AI
아이스크림에듀,서울 강남구,AI
애드타입,서울 성동구,AI
애드타입,서울 성동구,AI
씨알에스큐브(CRScube),서울 마포구,AI
쿠팡,서울 송파구,AI
비바이노베이션,서울 강남구,AI
레브잇,서울 관악구,AI
엠트리센,서울 금천구,AI
여기어때컴퍼니,서울 강남구,AI
씨이랩,서울 강남구,AI
씨이랩,서울 강남구,AI
콕스웨이브,서울 영등포구,AI
콕스웨이브,서울 영등포구,AI
아토머스(마인드카페),서울 강남구,AI
제이제이앤컴퍼니스,서울 마포구,AI
씨앤에이아이,서울 서초구,AI
하이퍼커넥트,서울 강남구,AI
플라잎,경기 성남시,AI
스카이웨어,서울 마포구,AI
더블유닷에이아이,서울 서초구,AI
룩코,서울 강남구,AI
룩코,서울 강남구,AI
아이아이컴바인드,서울 마포구,AI
라이너(Liner),서울 마포구,AI
티비유,서울 서초구,AI
아스타,서울 강남구,AI
씨앤에이아이,서울 서초구,AI
씨앤에이아이,서울 서초구,AI
씨앤에이아이,서울 서초구,AI
엑스페릭스,서울 송파구,AI
큐빅,서울 서초구,AI
덴컴,서울 강남구,AI
모니터코퍼레이션,서울 서초구,AI
데이터라이즈,서울 강남구,AI
데이터라이즈,서울 강남구,AI
데이터라이즈,서울 강남구,AI
버블탭,서울 강남구,AI
버블탭,서울 강남구,AI
아이오트러스트,서울 강남구,AI
엑셈,서울 강서구,AI
엑셈,서울 강서구,AI
엑셈,서울 강서구,AI
키즈노트,경기 성남시,AI
키즈노트,경기 성남시,AI
코인원(coinone),서울 영등포구,AI
원티드 재팬(wanted),서울,AI
스튜디오프리윌루전,서울 서초구,AI
비모소프트,경기 안양시,AI
메이아이,서울 강남구,AI
룰루랩(lululab),서울 강남구,AI
룰루랩(lululab),서울 강남구,AI
알지에이아이엔씨(RGA Inc.),서울 서초구,AI
알지에이아이엔씨(RGA Inc.),서울 서초구,AI
월급쟁이부자들,서울 서초구,AI
월급쟁이부자들,서울 서초구,AI
와탭랩스(WhaTapLabs),서울 서초구,AI
옵트에이아이,서울 강서구,AI
옵트에이아이,서울 강서구,AI
옵트에이아이,서울 강서구,AI
파이오링크,서울 금천구,AI
코딧(CODITCorp.),서울 영등포구,AI
비바이노베이션,서울 강남구,AI
뤼이드(Riiid),서울 강남구,AI
파인더스,서울 구로구,AI
몰로코,서울 강남구,AI
스카이월드와이드,서울 강남구,AI
스카이월드와이드,서울 강남구,AI
스카이월드와이드,서울 강남구,AI
스카이월드와이드,서울 강남구,AI
심플랫폼,서울 금천구,AI
베이글코드(Bagelcode),서울 강남구,AI
비멕스,부산,AI
심플랫폼,서울 금천구,AI
로이드케이,경기 성남시,AI
다우기술,경기 성남시,AI
앙트러리얼리티,서울 성동구,AI
앙트러리얼리티,서울 성동구,AI
미니레코드,서울 송파구,AI
미니레코드,서울 송파구,AI
올거나이즈코리아(Allganize Korea),서울 강남구,AI
펑타이그레이터차이나(피티코리아),서울 강남구,AI
펑타이그레이터차이나(피티코리아),서울 서초구,AI
아하앤컴퍼니,서울 강남구,AI
에이아이트릭스(AITRICS),서울 강남구,AI
메디플러스솔루션,서울 종로구,AI
시나몬,서울 서초구,AI
시나몬,서울 서초구,AI
시나몬,서울 서초구,AI
클래스유,서울 중구,AI
윌로그,서울 강남구,AI
윌로그,서울 강남구,AI
넷마블,서울 구로구,AI
넷마블,서울 구로구,AI
포티투닷(42dot),경기 성남시,AI
포티투닷(42dot),경기 성남시,AI
두잇 (Doeat),서울 관악구,AI
두잇 (Doeat),서울 관악구,AI
두잇 (Doeat),서울 관악구,AI
넛지헬스케어(캐시워크),서울 강남구,AI
클래스유,서울 중구,AI
하이퍼리즘,서울 관악구,AI
아임웹,서울 강남구,AI
바이트사이즈,부산 부산진구,AI
에버엑스,서울 강남구,AI
스튜디오랩(STUDIO LAB),서울 서초구,AI
스튜디오랩(STUDIO LAB),서울 서초구,AI
에이아이비즈,서울 동작구,AI
에이아이비즈,서울 동작구,AI
에이아이비즈,서울 동작구,AI
콘센트릭스서비스코리아CATALYST,서울 강남구,AI
오케스트로,서울 영등포구,AI
아티스트유나이티드,서울 강남구,AI
우아한형제들(배달의민족),서울 송파구,AI
크라우드웍스,서울 강남구,AI
애이마,서울 서초구,AI
브레인즈컴퍼니,서울 성동구,AI
에이아이썸,서울 강남구,AI
카카오뱅크(kakaobank),경기 성남시,AI
카카오뱅크(kakaobank),경기 성남시,AI
카카오뱅크(kakaobank),경기 성남시,AI
카카오뱅크(kakaobank),경기 성남시,AI
강남언니(힐링페이퍼),서울 강남구,AI
마키나락스,서울 서초구,AI
인터엑스,서울 금천구,AI
인터엑스,서울 금천구,AI
보이스루,서울 강남구,AI
얼터너티브자산운용,서울 강남구,AI
라이너(Liner),서울 마포구,AI
강남언니(힐링페이퍼),서울 강남구,AI
클루커스,서울 강남구,AI
클루커스,서울 강남구,AI
블루닷,서울 강남구,AI
블루닷,서울 강남구,AI
블루닷,서울 강남구,AI
블루닷,서울 강남구,AI
위앤유텍,서울 송파구,AI
디큐랩,경기 파주시,AI
인포유앤컴퍼니,서울 성동구,AI
인포유앤컴퍼니,서울 성동구,AI
데이블(Dable),서울 강남구,AI
데이블(Dable),서울 강남구,AI
차봇모빌리티,서울 성동구,AI
포티투닷(42dot),경기 성남시,AI
스카이랩스(SkyLabs),경기 성남시,AI
스카이랩스(SkyLabs),경기 성남시,AI
코코네엠(coconeM),서울 종로구,AI
레디포스트,서울 강남구,AI
엘박스,서울 강남구,AI
메딜리티,서울 강남구,AI
링크12,서울 강남구,AI
이너버즈,서울 강남구,AI
에어스메디컬,서울 강남구,AI
렛서,서울 강남구,AI
룰루랩(lululab),서울 강남구,AI
렉스소프트,서울 관악구,AI
피아스페이스,서울 서초구,AI
인딥에이아이,서울 강남구,AI
피아스페이스,서울 서초구,AI
카카오페이증권(kakaopay증권),경기 성남시,AI
아하랩스,경기 성남시,AI
펑타이그레이터차이나(피티코리아),서울 강남구,AI
펑타이그레이터차이나(피티코리아),서울 강남구,AI
아이스크림아트,서울 강남구,AI
아이스크림아트,서울 강남구,AI
와디즈,경기 성남시,AI
에스케이매직(SK매직),서울 종로구,AI
에스케이매직(SK매직),서울 종로구,AI
코너스톤파트너스디지털,서울 강남구,AI
베스텔라랩,경기 안양시,AI
베스텔라랩,경기 안양시,AI
베스텔라랩,경기 안양시,AI
베스텔라랩,경기 안양시,AI
베스텔라랩,경기 안양시,AI
오픈놀,서울 마포구,AI
에스투더블유(S2W),경기 성남시,AI
트릿지,서울 서초구,AI
메이아이,서울 강남구,AI
엘박스,서울 강남구,AI
알세미,서울 강남구,AI
알세미,서울 강남구,AI
알세미,서울 강남구,AI
휴런,서울 영등포구,AI
라이너(Liner),서울 마포구,AI
씨제이올리브영(CJ올리브영),서울 용산구,AI
에코앤리치,서울 성동구,AI
딥브레인에이아이,서울 강남구,AI
뱅크샐러드,서울 마포구,AI
하이퍼커넥트,서울 강남구,AI
한국딥러닝,서울 서초구,AI
한국딥러닝,서울 서초구,AI
한국딥러닝,서울 서초구,AI
메이크스타,서울 강남구,AI
미리비트,경기 성남시,AI
타이드풀(TIDEPOOL),경기 용인시,AI
아키스케치,서울 성동구,AI
씨제이올리브영(CJ올리브영),서울 용산구,AI
하이퍼커넥트,서울 강남구,AI
렉스소프트,서울 관악구,AI
데브시스터즈(Devsisters),서울 강남구,AI
데브시스터즈(Devsisters),서울 강남구,AI
여기어때컴퍼니,서울 강남구,AI
클로버추얼패션(CLOVirtualFashion),서울 강남구,AI
클로버추얼패션(CLOVirtualFashion),서울 강남구,AI
테이텀,서울 강남구,AI
니어브레인,서울 강남구,AI
딥노이드(Deepnoid),서울 구로구,AI
마키나락스,서울 서초구,AI
업스테이지,경기,AI
워트인텔리전스,서울 서초구,AI
보로노이,인천 연수구,AI
보로노이,인천 연수구,AI
보로노이,인천 연수구,AI
파인더스에이아이,서울 서초구,AI
파인더스에이아이,서울 서초구,AI
베슬에이아이(VESSL AI),서울 서초구,AI
위티,서울 종로구,AI
핵클(Hackle),서울 강남구,AI
웨이커,서울 강남구,AI
웨이커,서울 강남구,AI
슈페릭스,서울 강남구,AI
코드잇(codeit),서울 중구,AI
워프스페이스,서울 서초구,AI
럭스로보(LUXROBO),서울 강남구,AI
삼양식품,서울 성동구,AI
포디(FODI),서울 강남구,AI
피트크루,서울 성동구,AI
씨어스테크놀로지,경기 성남시,AI
티오리(Theori),서울 강남구,AI
플래티어,서울 송파구,AI
넛지헬스케어(캐시워크),서울 강남구,AI
인터엑스,서울 금천구,AI
서치라이트,서울 노원구,AI
텔레픽스,서울 영등포구,AI
제네시스랩,서울 중구,AI
더스윙,서울 용산구,AI
에이치비솔루션,충남 아산시,AI
클레,서울 성동구,AI
블루개러지(Blue Garage),서울 강동구,AI
위브,경기 성남시,AI
이마고웍스,서울 강남구,AI
채널코퍼레이션,서울 강남구,AI
채널코퍼레이션,서울 강남구,AI
레브잇,서울 관악구,AI
메디픽셀,서울 강남구,AI
메디픽셀,서울 강남구,AI
가우스랩스(Gauss Labs),서울 강남구,AI
핀다(FINDA),서울,AI
자비스앤빌런즈(삼쩜삼),서울 강남구,AI
자비스앤빌런즈(삼쩜삼),서울 강남구,AI
라이너(Liner),서울 마포구,AI
딥인사이트,경기 성남시,AI
하이퍼커넥트,서울 강남구,AI
에이엠시지(AMCGCo.Ltd.),서울 서초구,AI
플립션코리아,경기 성남시,AI
스누아이랩,경기 수원시,AI
이엘피,경기 화성시,AI
이엘피,경기 화성시,AI
이엘피,경기 화성시,AI
디오비스튜디오,서울 마포구,AI
바로팜,서울 강남구,AI
씨제이이엔엠(CJ ENM),서울 마포구,AI
나니아랩스,서울 강서구,AI
한국딥러닝,서울 서초구,AI
클레온,서울 중구,AI
바이브온코퍼레이션,서울 마포구,AI
씨드로닉스,서울 강남구,AI
시어스랩(Seerslab),서울 서초구,AI
코인원(coinone),서울 영등포구,AI
버닛,서울 금천구,AI
앤톡(Antock),서울 성동구,AI
루닛(Lunit),서울 강남구,AI
루닛(Lunit),서울 강남구,AI
일루니,서울 서초구,AI
보스반도체,경기 성남시,AI
누비랩,서울 강남구,AI
그린랩스,서울 송파구,AI
아이브,서울 서초구,AI
숲(SOOP),경기 성남시,AI
모레,서울 서초구,AI
클로인트,서울 서초구,AI
컬리,서울 강남구,AI
비상교육,경기 과천시,AI
우아한형제들(배달의민족),서울 송파구,AI
우아한형제들(배달의민족),서울 송파구,AI
컬리,서울 강남구,AI
포티투닷(42dot),경기,AI
섬재,서울 강남구,AI
더블티,경기 수원시,AI
부릉,서울 서초구,AI
원티드 재팬(wanted),서울,AI
시큐레터,경기 성남시,AI
인터엑스,서울 금천구,AI
씨메스(CMES),서울 강남구,AI
인플루엔셜(윌라),서울 서초구,AI
제이앤피메디(JNPMEDI),인천 연수구,AI
메디웨일,서울 강남구,AI
메디웨일,서울 강남구,AI
트리노드,서울 강남구,AI
도르코퍼레이션,서울 강남구,AI
이마고웍스,서울 강남구,AI
이마고웍스,서울 강남구,AI
데이터메이커,대전 유성구,AI
에이블리코퍼레이션,서울 서초구,AI
버티컬바,서울 강남구,AI
그로잉랩,서울 마포구,AI
폴라리스쓰리디(Polaris3D),경북 포항시,AI
폴라리스쓰리디(Polaris3D),서울 용산구,AI
앤서스랩코리아,서울 강남구,AI
바이트사이즈,부산 부산진구,AI
바이트사이즈,부산 부산진구,AI
올빅뎃,경기 성남시,AI
반프,서울 강남구,AI
에비드넷,서울 강남구,AI
모본,서울 강남구,AI
에너자이(ENERZAi),서울 강남구,AI
에너자이(ENERZAi),서울 강남구,AI
에너자이(ENERZAi),서울 강남구,AI
중앙일보,서울 마포구,AI
도슨티,서울 관악구,AI
중앙일보,서울 마포구,AI
디오,부산 해운대구,AI
토르드라이브,서울 영등포구,AI
씨메스(CMES),서울 강남구,AI
애자일소다,서울 강남구,AI
애자일소다,서울 강남구,AI
셀렉트스타,서울 강남구,AI
씨메스(CMES),서울 강남구,AI
씨메스(CMES),서울 강남구,AI
휴톰,서울 마포구,AI
비투엔,서울 용산구,AI
데이터노우즈,서울 강남구,AI
이브로드캐스팅,서울 영등포구,AI
앤서스랩코리아,서울 강남구,AI
텔레픽스,서울 영등포구,AI
엠에스투데이,서울 강남구,AI
에스케이씨앤씨(SK C&C),경기 성남시,AI
테스트웍스,서울 송파구,AI
르호사,서울 강남구,AI
플랜바이테크놀로지스,서울 강남구,AI
마스오토,서울 서초구,AI
아이지에이웍스(IGAWorks),서울 용산구,AI
바이온사이트,서울 성동구,AI
바이온사이트,서울 성동구,AI
바이온사이트,서울 성동구,AI
데브시스터즈(Devsisters),서울 강남구,AI
미리비트,경기 성남시,AI
미리비트,경기 성남시,AI
미리비트,경기 성남시,AI
토르드라이브,서울 영등포구,AI
해긴,서울 구로구,AI
아이브,서울 서초구,AI
아이브,서울 서초구,AI
룰루랩(lululab),서울 강남구,AI
파이프트리스마트팜(PAIPTREESmartFarmInc.),서울 강남구,AI
마인즈앤컴퍼니,서울 강남구,AI
마인즈앤컴퍼니,서울 강남구,AI
마인즈앤컴퍼니,서울 강남구,AI
원티드 재팬(wanted),서울,AI
원티드 재팬(wanted),서울,AI
글로벌시스템스,대전 유성구,AI
토스뱅크,서울 강남구,AI
업스테이지,경기,AI
업스테이지,경기,AI
루닛(Lunit),서울 강남구,AI
로완,서울 중구,AI
로완,서울 중구,AI
로완,서울 중구,AI
로완,서울 중구,AI
교보문고,서울 마포구,AI
원라인에이아이,서울 마포구,AI
업스테이지,경기,AI
포티투닷(42dot),경기,AI
모빌린트,서울 강남구,AI
모빌린트,서울 강남구,AI
모빌린트,서울 강남구,AI
엘리스,서울 강남구,AI
글로비즈,서울 관악구,AI
모빅랩,서울 서초구,AI
모빅랩,서울 서초구,AI
엔비티(NBT),서울 서초구,AI
원티드 재팬(wanted),서울,AI
포티투닷(42dot),경기 성남시,AI
빅밸류,서울 중구,AI
빅밸류,서울 중구,AI
포티투닷(42dot),경기 성남시,AI
바잉스퀘어,서울 강남구,AI
포티투닷(42dot),경기 성남시,AI
코가로보틱스,서울 성동구,AI
바이온사이트,서울 성동구,AI
포티투닷(42dot),경기 성남시,AI
엔엑스엔랩스,서울 서초구,AI
안티그래비티,서울 성동구,AI
안티그래비티,서울 성동구,AI
안티그래비티,서울 성동구,AI
테스트웍스,서울 송파구,AI
앰버로드,서울 강남구,AI
골든플래닛,서울 강남구,AI
해줌,서울 송파구,AI
테스트웍스,서울 송파구,AI
아폴론,서울 강서구,AI
업스테이지,경기,AI
웨어러블에이아이,서울 영등포구,AI
웨어러블에이아이,서울 영등포구,AI
라온데이터,서울 중구,AI
룰루랩(lululab),서울 강남구,AI
드래프티파이,서울 강남구,AI
포티투닷(42dot),경기 성남시,AI
포티투닷(42dot),경기 성남시,AI
커먼컴퓨터,서울 동작구,AI
셰어라운드,서울 종로구,AI
아이트럭,서울 서초구,AI
아이트럭,서울 서초구,AI
뷰노,서울 서초구,AI
포스트랩,서울 강남구,AI
피플리,서울 마포구,AI
호두에이아이랩,서울 관악구,AI
골든플래닛,서울 강남구,AI
제틱에이아이,서울 강남구,AI
지바이크(gbike),서울 강남구,AI
트웰브랩스(Twelve Labs),서울 용산구,AI
플루언트,서울 강남구,AI
토르드라이브,서울 영등포구,AI
토르드라이브,서울 영등포구,AI
한국그린데이터,서울 서초구,AI
모플,대전 유성구,AI
모플,서울 서초구,AI
메디인테크,서울 종로구,AI
메디인테크,서울 종로구,AI
브룩허스트거라지(B GARAGE),경기 성남시,AI
하나금융티아이,서울 강남구,AI
업스테이지,경기,AI
에이아이트릭스(AITRICS),서울 강남구,AI
윌로그,서울 강남구,AI
플루언트,서울 강남구,AI
와이피랩스(커넥팅),서울 강남구,AI
에이치엠이스퀘어,경기 용인시,AI
엑소시스템즈,경기 성남시,AI
제로원에이아이,경기 성남시,AI
호두에이아이랩,서울 관악구,AI
웨이센(waycenInc.),서울 강남구,AI
테서,서울 강남구,AI
파수,서울 마포구,AI
쿼리시스템즈,경기 성남시,AI
커넥티드 인사이트,충남 천안시,AI
다이얼로그디자인에이전시,서울 송파구,AI
굳갱랩스,경기 성남시,AI
베링랩,서울 마포구,AI
머신앤비전,충남 천안시,AI
몰로코,서울 강남구,AI
다비오(Dabeeo),서울 마포구,AI
다비오(Dabeeo),서울 마포구,AI
카이어,서울 서초구,AI
포항공과대학교,경북 포항시,AI
피노키오랩,서울 강남구,AI
피노키오랩,서울 강남구,AI
피노키오랩,서울 강남구,AI
페어스퀘어랩,서울 서초구,AI
호두에이아이랩,서울 관악구,AI
아이시냅스,서울 성동구,AI
워시스왓(세탁특공대),서울 강남구,Back end
라라잡(동네알바),서울 구로구,Back end
메디플러스솔루션,서울 종로구,Back end
트래포트,서울 종로구,Back end
트립일레븐,서울 금천구,Back end
에이치투오호스피탈리티,서울 강남구,Back end
래피드글로벌,서울 강남구,Back end
먼치팩토리,서울 강남구,Back end
라이드,서울 서초구,Back end
에임메드,서울 강남구,Back end
패스트뷰,서울 마포구,Back end
미리디,서울 구로구,Back end
댄스트럭트,서울 강남구,Back end
어크로스비,서울 서초구,Back end
마야크루,서울 마포구,Back end
토스랩(JANDI),서울 강남구,Back end
오래,부산 해운대구,Back end
오래,부산 해운대구,Back end
세이프에이아이,서울 서초구,Back end
에이치나인,서울 성동구,Back end
엑스크루(xcrew),서울 종로구,Back end
한국부동산데이터연구소,서울 마포구,Back end
비즈톡,서울 강남구,Back end
에이치나인,서울 성동구,Back end
에잇퍼센트(8PERCENT),서울 영등포구,Back end
에잇퍼센트(8PERCENT),서울 영등포구,Back end
에잇퍼센트(8PERCENT),서울 영등포구,Back end
그렙(프로그래머스),서울 서초구,Back end
클래스101(Class101),서울 강남구,Back end
클래스101(Class101),서울 강남구,Back end
클래스101(Class101),서울 강남구,Back end
클래스101(Class101),서울 강남구,Back end
클래스101(Class101),서울 강남구,Back end
비마이프렌즈,서울 강남구,Back end
클래스101(Class101),서울 강남구,Back end
젠틀파이,서울 강남구,Back end
엠피에이지(MPAG),서울 중구,Back end
페칭,서울 서초구,Back end
이롬넷,서울 강남구,Back end
스카이웨어,서울 마포구,Back end
피에프씨테크놀로지스,서울 서초구,Back end
피에프씨테크놀로지스,서울 서초구,Back end
무신사페이먼츠,서울 성동구,Back end
아스타,서울 강남구,Back end
아스타,서울 강남구,Back end
아스타,서울 강남구,Back end
인에디트,서울 중구,Back end
인에디트,서울 중구,Back end
올림플래닛(OLIM PLANET),서울 강남구,Back end
아트라미,대구 남구,Back end
와이즈버즈(wisebirds),경기 성남시,Back end
씨앤에이아이,서울 서초구,Back end
에이비일팔공(AB180),서울 서초구,Back end
넥스트리,서울 금천구,Back end
덴컴,서울 강남구,Back end
덴컴,서울 강남구,Back end
가우디오랩,서울 강남구,Back end
엑셈,서울 강서구,Back end
씨디알아이(CDRI),서울 강남구,Back end
플랙스뉴럴랩스,서울 관악구,Back end
바인드,서울 마포구,Back end
페이타랩(패스오더),서울 강남구,Back end
페이타랩(패스오더),서울 강남구,Back end
온투인,서울 송파구,Back end
온투인,서울 송파구,Back end
루네트웍스,서울 구로구,Back end
모멘티,서울 강남구,Back end
모멘티,서울 강남구,Back end
쿠팡,서울 송파구,Back end
에프앤에스홀딩스,경기 성남시,Back end
원티드 재팬(wanted),서울,Back end
원티드 재팬(wanted),서울,Back end
바이오리서치에이아이,서울 강남구,Back end
바이오리서치에이아이,서울 강남구,Back end
아이언메이스,경기 성남시,Back end
엘박스,서울 강남구,Back end
엘박스,서울 강남구,Back end
자비스앤빌런즈(삼쩜삼),서울 강남구,Back end
오픈플랜,서울 성동구,Back end
서플라이스,서울 용산구,Back end
리코(recokr),서울 강남구,Back end
디써클,서울 마포구,Back end
알서포트(Rsupport),서울 강동구,Back end
람다256,서울 서초구,Back end
코딧(CODITCorp.),서울 영등포구,Back end
코딧(CODITCorp.),서울 영등포구,Back end
코딧(CODITCorp.),서울 영등포구,Back end
코딧(CODITCorp.),서울 영등포구,Back end
유섭,서울 강남구,Back end
스카이웨어,서울 마포구,Back end
뉴로퓨전,경기 용인시,Back end
스카이월드와이드,서울 강남구,Back end
팜피,서울 동작구,Back end
스카이월드와이드,서울 강남구,Back end
더매니저,서울 강남구,Back end
엠트리센,서울 금천구,Back end
호패,서울 강남구,Back end
이글루코퍼레이션,서울 송파구,Back end
플렉스매치,서울 구로구,Back end
그렙(프로그래머스),서울 서초구,Back end
인피니티익스체인지코리아,서울 강남구,Back end
인포유앤컴퍼니,서울 성동구,Back end
인피니티익스체인지코리아,서울 강남구,Back end
미디어윌네트웍스(알바천국),서울 강남구,Back end
미디어윌네트웍스(알바천국),서울 강남구,Back end
법틀,서울 성동구,Back end
스탬퍼,서울 강남구,Back end
문토,서울 강남구,Back end
문토,서울 강남구,Back end
다우기술,서울,Back end
마이프랜차이즈,서울 강남구,Back end
뉴스젤리(Newsjelly),서울 성동구,Back end
뉴스젤리(Newsjelly),서울 성동구,Back end
에스티로직(STLogic),서울 서초구,Back end
자이언트스텝,서울 강남구,Back end
셀레트립,서울 종로구,Back end
엘박스,서울 강남구,Back end
미리디,서울 구로구,Back end
스마일드래곤,서울 금천구,Back end
리디(RIDI),서울 강남구,Back end
리디(RIDI),서울 강남구,Back end
리디(RIDI),서울 강남구,Back end
리디(RIDI),서울 강남구,Back end
리디(RIDI),서울 강남구,Back end
리디(RIDI),서울 강남구,Back end
"브레이브모바일(숨고,Soomgo)",서울 강남구,Back end
"브레이브모바일(숨고,Soomgo)",서울 강남구,Back end
아하앤컴퍼니,서울 강남구,Back end
아이지에이웍스(IGAWorks),서울 용산구,Back end
람다256,서울 서초구,Back end
버블콘,서울 구로구,Back end
넷마블,서울 구로구,Back end
플래티어,서울 송파구,Back end
페칭,서울 서초구,Back end
아이디에스앤트러스트,서울 강남구,Back end
모두의연구소,서울 강남구,Back end
구름,경기 성남시,Back end
브레인즈컴퍼니,서울 성동구,Back end
람다256,서울 서초구,Back end
람다256,서울 서초구,Back end
씨드앤,서울 성동구,Back end
씨드앤,서울 성동구,Back end
시나몬,서울 서초구,Back end
이롬넷,서울 강남구,Back end
리브포워드,서울 중구,Back end
베슬에이아이(VESSL AI),서울 강남구,Back end
이브릿지,서울 중구,Back end
넛지헬스케어(캐시워크),서울 강남구,Back end
두잇 (Doeat),서울 관악구,Back end
넛지헬스케어(캐시워크),서울 강남구,Back end
넛지헬스케어(캐시워크),서울 강남구,Back end
넛지헬스케어(캐시워크),서울 강남구,Back end
누비랩,서울 강남구,Back end
와드(캐치테이블),경기 성남시,Back end
메사쿠어컴퍼니,서울 강남구,Back end
에스에이치아이,경기 성남시,Back end
하이퍼리즘,서울 관악구,Back end
아임웹,서울 강남구,Back end
아임웹,서울 강남구,Back end
한국글로벌널리지네트웍,서울 강남구,Back end
한국글로벌널리지네트웍,서울 강남구,Back end
엠몬스타,경기 성남시,Back end
라이너(Liner),서울 마포구,Back end
오케스트로,서울 영등포구,Back end
오케스트로,서울 영등포구,Back end
오케스트로,서울 영등포구,Back end
비에프에이아이,서울,Back end
호각,서울 강남구,Back end
휴먼컨설팅그룹,경기 성남시,Back end
군돌이,경기 성남시,Back end
비브이씨,서울 마포구,Back end
모나크리빙,서울 강남구,Back end
비상교육,경기 과천시,Back end
프롭데이터,서울 강남구,Back end
애드포러스,서울 강남구,Back end
브레인즈컴퍼니,서울 성동구,Back end
큐리어슬리,서울 서초구,Back end
코너,경기 용인시,Back end
잇올,서울 서초구,Back end
잉카엔트웍스,서울 강남구,Back end
엔닷라이트,경기 성남시,Back end
페이타랩(패스오더),서울 강남구,Back end
에이아이썸,서울 강남구,Back end
타라티피에스,서울 마포구,Back end
뱅크샐러드,서울 마포구,Back end
에누마,서울 성동구,Back end
그린카,서울 강남구,Back end
메타몬스터,서울 구로구,Back end
피알앤디컴퍼니(헤이딜러),서울 서초구,Back end
스타트앱,서울 강남구,Back end
잇올,서울 서초구,Back end
아파트아이,서울 금천구,Back end
코인원(coinone),서울 영등포구,Back end
모드하우스,서울 강남구,Back end
젠테,서울 강남구,Back end
하이퍼리즘,서울 관악구,Back end
하이퍼리즘,서울 관악구,Back end
모두싸인,서울 강남구,Back end
오더바이,서울 서초구,Back end
래브라도랩스,서울 서초구,Back end
래브라도랩스,서울 서초구,Back end
지란지교소프트,경기,Back end
얼터너티브자산운용,서울 강남구,Back end
준컴퍼니,인천 부평구,Back end
강남언니(힐링페이퍼),서울 강남구,Back end
디라티오,서울 강남구,Back end
디라티오,서울 강남구,Back end
에브리심,대전 유성구,Back end
넵튠(Neptune),서울 강남구,Back end
클루커스,서울 강남구,Back end
서울옥션,서울 종로구,Back end
노머스(원더월),서울 강남구,Back end
파더스랩,서울 강남구,Back end
글리티,서울 강남구,Back end
비하베스트,서울 강남구,Back end
플레어랩스,서울 강남구,Back end
니더(급구),부산 해운대구,Back end
더스윙,서울 용산구,Back end
오엔제이,서울 강남구,Back end
데브시스터즈(Devsisters),서울 강남구,Back end
지란지교데이터,대전 유성구,Back end
지란지교데이터,대전 유성구,Back end
놀던친구들,서울 마포구,Back end
매드업,서울 강남구,Back end
매드업,서울 강남구,Back end
매드업,서울 강남구,Back end
엠알티씨엑스(MRTCX),서울 서초구,Back end
미리디,서울 구로구,Back end
에이블제이,경기 성남시,Back end
오엠티아이코리아,서울 서초구,Back end
오엠티아이코리아,서울 서초구,Back end
미소(miso),서울 종로구,Back end
씨드로닉스,서울 강남구,Back end
엘리스,서울 강남구,Back end
엘리스,서울 강남구,Back end
엘리스,서울 강남구,Back end
엘리스,서울 강남구,Back end
타인에이아이,서울 강남구,Back end
밀리의서재,서울 마포구,Back end
굿닥(goodoc),서울 강남구,Back end
굿닥(goodoc),서울 강남구,Back end
와들,서울 강남구,Back end
엘오엘,서울 서대문구,Back end
쿠팡,서울 송파구,Back end
쿠팡,서울 송파구,Back end
알엔알(RNR),서울 성동구,Back end
위드네트웍스,서울 강서구,Back end
아정네트웍스,서울 강남구,Back end
위메이드(WEMADE),경기 성남시,Back end
백두테크놀로지스,서울 강남구,Back end
프리모리스엔젯리미티드(IKC),서울 강남구,Back end
티맵모빌리티,서울 중구,Back end
티맵모빌리티,서울 중구,Back end
티맵모빌리티,서울 중구,Back end
더즌(dozn),서울 서초구,Back end
매스프레소(콴다),서울 강남구,Back end
아이스크림아트,서울 강남구,Back end
아이스크림아트,서울 강남구,Back end
베스텔라랩,경기 안양시,Back end
베스텔라랩,경기 안양시,Back end
인라이플,서울 구로구,Back end
앤서스랩코리아,서울 강남구,Back end
더썬랩,서울 강남구,Back end
레인디어스,서울 서초구,Back end
티피씨인터넷,서울 강남구,Back end
제로더,서울 동대문구,Back end
팀스파르타,서울 강남구,Back end
팀스파르타,서울 강남구,Back end
플랫포스,서울 종로구,Back end
위메이드(WEMADE),경기 성남시,Back end
씨제이올리브영(CJ올리브영),서울 용산구,Back end
앤서스랩코리아,서울 강남구,Back end
앤서스랩코리아,서울 강남구,Back end
프리모리스엔젯리미티드(IKC),서울 강남구,Back end
캔디플러스스튜디오,서울 서초구,Back end
씨티케이이비전글로벌네트웍스,서울 강남구,Back end
카펜스트리트(에이콘3D),서울 강남구,Back end
글로지(GloZ),서울 금천구,Back end
에이치아이티,서울 서초구,Back end
헤렌,서울 성동구,Back end
이노그리드,서울 중구,Back end
피벗,서울 광진구,Back end
누아,서울 중구,Back end
헥슬란트,서울 강남구,Back end
클라썸,서울 강남구,Back end
부스터스,서울 강남구,Back end
솔리다리테(SolidariteInc.),서울 광진구,Back end
비하베스트,서울 강남구,Back end
그립컴퍼니,경기 성남시,Back end
핑퐁,서울 종로구,Back end
이디엠에듀케이션,서울 서초구,Back end
여기어때컴퍼니,서울 강남구,Back end
어베어(윈들리),서울 강남구,Back end
어베어(윈들리),서울 강남구,Back end
프렌트립(프립),서울 성동구,Back end
브레이크앤컴퍼니,서울 강남구,Back end
브레이크앤컴퍼니,서울 강남구,Back end
비댁스,서울 강남구,Back end
니어브레인,서울 강남구,Back end
누리미디어(DBpia),서울 마포구,Back end
브레이크앤컴퍼니,서울 강남구,Back end
중고나라,서울 강남구,Back end
디카르고,서울 강남구,Back end
블록체인랩스,서울 서초구,Back end
블록체인랩스,서울 서초구,Back end
업스테이지,경기,Back end
라디우스랩스,서울 강남구,Back end
아바티(AVATYE),경기 성남시,Back end
하이퍼코퍼레이션,서울 강남구,Back end
모두싸인,서울 강남구,Back end
파인더스에이아이,서울 서초구,Back end
위티,서울 종로구,Back end
위티,서울 종로구,Back end
벳칭,서울 서초구,Back end
글로지(GloZ),서울 금천구,Back end
이노그리드,서울 중구,Back end
엔닷라이트,경기 성남시,Back end
비투피오토파트,서울 영등포구,Back end
세븐픽쳐스,서울 마포구,Back end
세븐픽쳐스,서울 마포구,Back end
돌봄드림,경기 성남시,Back end
코드잇(codeit),서울 중구,Back end
아이엠에스모빌리티,서울 광진구,Back end
창톡,서울 강남구,Back end
Electronic Arts Korea (EA Korea),서울 강남구,Back end
펑타이그레이터차이나(피티코리아),서울 강남구,Back end
주토피아프레시,서울 서초구,Back end
위드네트웍스,서울 강서구,Back end
유진로봇,인천 연수구,Back end
여기어때컴퍼니,서울 강남구,Back end
페이히어,서울 강남구,Back end
세이프닥,서울 강남구,Back end
그렙(프로그래머스),서울 서초구,Back end
파이어볼트,서울 마포구,Back end
용감한파커들,경기 성남시,Back end
웜블러드,서울 강남구,Back end
제네시스랩,서울 중구,Back end
휴머스온,서울 강남구,Back end
휴머스온,서울 강남구,Back end
휴머스온,서울 강남구,Back end
휴머스온,서울 강남구,Back end
휴톰,서울 마포구,Back end
닥터다이어리,서울 서초구,Back end
온어스링크잇,서울 마포구,Back end
다비오(Dabeeo),서울 마포구,Back end
옵스나우,경기 성남시,Back end
한국녹색기후기술원,서울 서초구,Back end
플래티어,서울 송파구,Back end
라이너(Liner),서울 마포구,Back end
알로카도스,서울 강남구,Back end
하이(Haii),서울 종로구,Back end
모니모니,서울 마포구,Back end
자이온아이티에스,서울 서초구,Back end
스테이폴리오,서울 종로구,Back end
피엑스디(pxd),서울 성동구,Back end
아이쉴드,서울 강남구,Back end
엔젤스윙,서울 서초구,Back end
엔젤스윙,서울 서초구,Back end
엔젤스윙,서울 서초구,Back end
엔젤스윙,서울 서초구,Back end
리비바이오,서울 강남구,Back end
리비바이오,서울 강남구,Back end
고운앤컴퍼니,서울 강남구,Back end
리비바이오,서울 강남구,Back end
씨에스엠17,서울 금천구,Back end
사이오닉에이아이,서울 강남구,Back end
레브잇,서울 관악구,Back end
레브잇,서울 관악구,Back end
지씨미디어,서울 강남구,Back end
심플컴퍼니,서울 광진구,Back end
베터리얼,경기 성남시,Back end
클로버추얼패션(CLOVirtualFashion),서울 강남구,Back end
메인메타,서울 강남구,Back end
오픈엣지스퀘어,서울 강남구,Back end
데이오프컴퍼니,서울 강남구,Back end
로우키코드(DELIGHT LABS),서울 강남구,Back end
어플레이즈,서울 강남구,Back end
에스티로직(STLogic),서울 서초구,Back end
아파트멘터리,서울 강남구,Back end
아파트멘터리,서울 강남구,Back end
블리츠다이나믹스,서울 강남구,Back end
네비웍스,경기 안양시,Back end
뮤즈라이브(Muzlive),서울 마포구,Back end
아이브,서울 서초구,Back end
한터글로벌,서울 강남구,Back end
넛지헬스케어(캐시워크),서울 강남구,Back end
커넥트비스타,서울 광진구,Back end
공간의가치,서울 강남구,Back end
넥스트에디션,서울 마포구,Back end
레저플러스,서울 강동구,Back end
아더월드,서울 성동구,Back end
워드바이스,서울 강남구,Back end
마카롱팩토리,경기 성남시,Back end
마카롱팩토리,경기 성남시,Back end
후플렉스,서울 서초구,Back end
윌로그,서울 강남구,Back end
에이치비엠피,서울 구로구,Back end
딥브레인에이아이,서울 강남구,Back end
씨드로닉스,서울 강남구,Back end
구름,경기 성남시,Back end
구름,경기 성남시,Back end
구름,경기 성남시,Back end
코인원(coinone),서울 영등포구,Back end
인티그레이션(메디스트림),서울 강남구,Back end
인티그레이션(메디스트림),서울 강남구,Back end
데니어(모어덴),서울 강남구,Back end
모두싸인,서울 강남구,Back end
아이트럭,서울 서초구,Back end
큐피스트(글램),서울 강남구,Back end
케이더블유이코리아,서울 강서구,Back end
타운즈,서울 강남구,Back end
알지티,서울 금천구,Back end
위메이드(WEMADE),경기 성남시,Back end
알서포트(Rsupport),서울 강동구,Back end
레드브릭,서울 강남구,Back end
페치,서울 강남구,Back end
페치,서울 강남구,Back end
클린일렉스,경기 군포시,Back end
비상교육,경기 과천시,Back end
델레오코리아(deleo),서울 강남구,Back end
이지식스(엠블),서울 강남구,Back end
아이파킹,서울 금천구,Back end
큐플레이스,서울 용산구,Back end
파이온코퍼레이션,서울 강남구,Back end
누아,서울 중구,Back end
펜타시큐리티,서울 영등포구,Back end
트랄라랩,경기 성남시,Back end
문카데미,서울 종로구,Back end
두번째,경기 광주시,Back end
두번째,경기 광주시,Back end
디플래닛,서울 강남구,Back end
람다256,서울 서초구,Back end
비누커머스,서울 마포구,Back end
구루컴퍼니,경기 성남시,Back end
더블티,경기 수원시,Back end
인플루디오,서울 마포구,Back end
에피소든,서울 강남구,Back end
빗썸,서울 강남구,Back end
더볼,서울 서초구,Back end
에바(Evar),경기 성남시,Back end
아이클레이브,서울 서초구,Back end
스튜디오씨드코리아(프로토파이),서울 용산구,Back end
이수시스템,서울 서초구,Back end
이수시스템,서울 서초구,Back end
이수시스템,서울 서초구,Back end
이수시스템,서울 서초구,Back end
바비톡,서울 서초구,Back end
이큐브랩 (Ecube Labs),서울 구로구,Back end
샵라이브,서울 강남구,Back end
샵라이브,서울 강남구,Back end
베어러블,서울 동대문구,Back end
위메이드(WEMADE),경기 성남시,Back end
트럼피아,서울 강남구,Back end
애니워크,부산 부산진구,Back end
에이지엘,서울 광진구,Back end
인플루디오,서울 마포구,Back end
메디팔(MedipalInc.),서울 강남구,Back end
택스캔버스,서울 서초구,Back end
상상텃밭,경북 안동시,Back end
상상텃밭,경북 안동시,Back end
티오더스테이,서울 영등포구,Back end
디티피아,서울 성동구,Back end
블루가,경기 성남시,Back end
씨제이올리브영(CJ올리브영),서울 용산구,Back end
메디팔(MedipalInc.),서울 강남구,Back end
메디웨일,서울 강남구,Back end
엘리스,서울 강남구,Back end
휴먼밸런스,서울 강서구,Back end
오누이(설탭),서울 마포구,Back end
엑심베이,서울 구로구,Back end
올림플래닛(OLIM PLANET),서울 강남구,Back end
미디어로그,서울 강서구,Back end
넥서스커뮤니티,서울 영등포구,Back end
호패,서울 강남구,Back end
호패,서울 강남구,Back end
코니스트,서울 마포구,Back end
싸이버로지텍,서울 마포구,Back end
그로잉랩,서울 마포구,Back end
한화비전,경기 성남시,Back end
워드브릭스,서울 관악구,Back end
트리플렛,서울 서초구,Back end
구름,경기 성남시,Back end
디어유,서울 강남구,Back end
레진엔터테인먼트,서울 성동구,Back end
뤼튼테크놀로지스,서울 서초구,Back end
피치덱,서울 강남구,Back end
브룩허스트거라지(B GARAGE),경기 성남시,Back end
더블미디어,서울 강남구,Back end
우아한형제들(배달의민족),서울 송파구,Back end
엔카닷컴,서울 중구,Back end
마야크루,서울 마포구,Back end
북틀,서울 마포구,Back end
기아,서울 서초구,Back end
기아,서울 서초구,Back end
파인테크소프트,서울 서초구,Back end
제로엑스플로우,서울 마포구,Back end
파인테크소프트,서울 서초구,Back end
데일리펀딩,서울 강남구,Back end
데일리펀딩,서울 강남구,Back end
데일리펀딩,서울 강남구,Back end
핌아시아,서울 강남구,Back end
모던라이언,서울 영등포구,Back end
프라이빗테크놀로지,서울 마포구,Back end
제이앤피메디(JNPMEDI),인천 연수구,Back end
제이앤피메디(JNPMEDI),인천 연수구,Back end
제이앤피메디(JNPMEDI),인천 연수구,Back end
머스트핀테크,서울 강남구,Back end
위펀(스낵24),서울 강남구,Back end
프루브랩스,서울 강남구,Back end
에이젠글로벌,서울 영등포구,Back end
코딧(CODITCorp.),서울 영등포구,Back end
이디피랩,서울 종로구,Back end
시어스랩(Seerslab),서울 서초구,Back end
마스오토,서울 서초구,Back end
오픈플랜,서울 성동구,Back end
하이로컬,서울 성동구,Back end
싱크테크노,서울 서초구,Back end
셀틱스테크놀로지,경기 용인시,Back end
로우키코드(DELIGHT LABS),서울 강남구,Back end
파스토,서울 강남구,Back end
젠스타파트너스,서울 중구,Back end
아정네트웍스,서울 강남구,Back end
브룩허스트거라지(B GARAGE),경기 성남시,Back end
씨엠월드,서울 금천구,Back end
카운터포인트리서치,서울 강남구,Back end
콘센트릭스서비스코리아CATALYST,서울 강남구,Back end
구름,경기 성남시,Back end
일루넥스,경기 고양시,Back end
모플,서울 서초구,Back end
프라이빗테크놀로지,서울 마포구,Back end
파이프트리스마트팜(PAIPTREESmartFarmInc.),서울 강남구,Back end
소프트스퀘어드,서울 서초구,Back end
넥스트컬쳐,서울 강남구,Back end
넥스트컬쳐,서울 강남구,Back end
엔츠,서울 강남구,Back end
쇼플릭,서울 서초구,Back end
화승엔지니어링,서울 구로구,Back end
호패,서울 강남구,Back end
발크,서울 강남구,Back end
플랜바이테크놀로지스,서울 강남구,Back end
피유엠피(PUMP/씽씽),서울 성동구,Back end
코웨이,서울 구로구,Back end
엔카닷컴,서울 중구,Back end
엔카닷컴,서울 중구,Back end
브리치,서울 강남구,Back end
토스플레이스,서울 강남구,Back end
지엔터프라이즈,서울 강남구,Back end
업스테이지,경기,Back end
아정네트웍스,서울 강남구,Back end
비버웍스,서울 강남구,Back end
아정네트웍스,서울 강남구,Back end
리걸테크,서울 성동구,Back end
모빅랩,서울 서초구,Back end
테서,서울 강남구,Back end
원티드 재팬(wanted),서울,Back end
리턴플러스,서울 강남구,Back end
버블탭,서울 강남구,Back end
세포아소프트,서울 구로구,Back end
비사이드코리아,서울 중구,Back end
비사이드코리아,서울 중구,Back end
심시스글로벌,서울 서초구,Back end
스마일드래곤,경기 고양시,Back end
테서,서울 강남구,Back end
업스테이지,경기,Back end
밀리만코리아(Milliman),서울 중구,Back end
미르니,서울 관악구,Back end
아우토크립트,서울 영등포구,Back end
그렙(프로그래머스),서울 서초구,Back end
엑심베이,서울 구로구,Back end
싸이버로지텍,서울 마포구,Back end
소프트스퀘어드,서울 서초구,Back end
안티그래비티,서울 성동구,Back end
네오랩컨버전스(NeoLab),서울 구로구,Back end
에이아이투유,경기 안산시,Back end
빗썸,서울 강남구,Back end
빗썸,서울 강남구,Back end
빗썸,서울 강남구,Back end
빗썸,서울 강남구,Back end
빗썸,서울 강남구,Back end
빗썸,서울 강남구,Back end
브이엔티지,서울 마포구,Back end
컬리,서울 강남구,Back end
북스파이더,경기 파주시,Back end
에디트콜렉티브,서울 강남구,Back end
포티투닷(42dot),경기 성남시,Back end
오토위니,서울 강남구,Back end
오토위니,서울 강남구,Back end
매스프레소(콴다),서울 강남구,Back end
매스프레소(콴다),서울 강남구,Back end
일루넥스,경기 고양시,Back end
해줌,서울 송파구,Back end
스팬딧(Spendit),서울 성동구,Back end
에이에프아이,서울 성동구,Back end
지니언스,경기 안양시,Back end
드래프티파이,서울 강남구,Back end
포지큐브(POSICUBE),서울 강남구,Back end
포지큐브(POSICUBE),서울 강남구,Back end
아이트럭,서울 서초구,Back end
아이트럭,서울 서초구,Back end
알에프디코리아,서울 강남구,Back end
인졀미,서울 서초구,Back end
인졀미,서울 서초구,Back end
인졀미,서울 서초구,Back end
브룩허스트거라지(B GARAGE),경기 성남시,Back end
버브컴퍼니,서울 광진구,Back end
싸이버로지텍,서울 마포구,Back end
뉴플로이,서울 강남구,Back end
스마일드래곤,서울 서초구,Back end
파수,서울 마포구,Back end
엔에스에이치씨(NSHC),서울 금천구,Back end
씨제이올리브영(CJ올리브영),서울 용산구,Back end
파수,서울 마포구,Back end
샤플,서울 강남구,Back end
빗썸,서울 강남구,Back end
빗썸,서울 강남구,Back end
숲(SOOP),경기 성남시,Back end
문리버,서울 구로구,Back end
문리버,서울 구로구,Back end
선데이띵커,서울 마포구,Back end
뉴로다임,서울 성동구,Back end
코보시스,서울 송파구,Back end
휴브알엔씨,서울 송파구,Back end
아주큐엠에스,서울 서초구,Back end
샘표식품,서울 중구,Back end
샤플,서울 강남구,Back end
휴브알엔씨,서울 송파구,Back end
한국그린데이터,서울 서초구,Back end
빗썸,서울 강남구,Back end
볼트윈,서울 강남구,Back end
플라스크,서울 강남구,Back end
제이앤피메디(JNPMEDI),인천 연수구,Back end
제이앤피메디(JNPMEDI),인천 연수구,Back end
제이앤피메디(JNPMEDI),인천 연수구,Back end
지니언스,경기 안양시,Back end
와이피아이디어스컨설팅,서울,Back end
더블미디어,부산 해운대구,Back end
엑소시스템즈,경기 성남시,Back end
볼트윈,서울 강남구,Back end
와이덴케어,경기 성남시,Back end
파이랩테크놀로지,서울 성동구,Back end
파이랩테크놀로지,서울 성동구,Back end
딩코,서울 강남구,Back end
솔로트립,서울 강남구,Back end
크래프톤(Krafton),서울 서초구,Back end
인핸스(Enhans),서울 서초구,Back end
넷스루,서울 성동구,Back end
데이터메이커,대전 유성구,Back end
데이터메이커,대전 유성구,Back end
데이터메이커,대전 유성구,Back end
코딧(CODITCorp.),서울 영등포구,Back end
브릭,경기 성남시,Back end
브릭,경기 성남시,Back end
아이트럭,서울 서초구,Back end
페어스퀘어랩,서울 서초구,Back end
페어스퀘어랩,서울 서초구,Back end
애디터(Yess),서울 강남구,Back end
넥슨코리아(NEXON),경기 성남시,Back end
유니컴즈,경기 군포시,Back end
브이에스엘,충남 천안시,Back end
파이랩테크놀로지,서울 성동구,Back end
파스텍,경기 부천시,Back end
이글로벌시스템,서울 강남구,Back end
파이퍼블릭,서울 영등포구,Back end
이글로벌시스템,서울 강남구,Back end
카이어,서울 서초구,Back end
아이들랩,서울 강남구,Back end
아인잡(AINJOB),서울 강남구,Back end
페어스퀘어랩,서울 강남구,Back end
유디아이디(UDID),서울 구로구,Back end
페어스퀘어랩,서울 서초구,Back end
렌딧(LENDIT),서울 영등포구,Back end
애디터(Yess),서울 강남구,Back end
단색,서울 마포구,Back end
에이엘에이엔,서울 강남구,Back end
베어런,서울 강남구,Back end
투어라이브,서울 강남구,Front end
라라잡(동네알바),서울 구로구,Front end
트래포트,서울 종로구,Front end
포티투닷(42dot),경기 성남시,Front end
리파인(ReifyN),충남 천안시,Front end
씨앤에이아이,서울 서초구,Front end
세이지,서울 강남구,Front end
잠보,서울 서초구,Front end
텔레픽스,서울 영등포구,Front end
먼치팩토리,서울 강남구,Front end
쿠팡,서울 송파구,Front end
먼치팩토리,서울 강남구,Front end
패스트뷰,서울 마포구,Front end
자비스앤빌런즈(삼쩜삼),서울 강남구,Front end
펀치랩,서울 강남구,Front end
미리디,서울 구로구,Front end
두리번,서울 마포구,Front end
불마켓랩스,서울 강남구,Front end
어크로스비,서울 서초구,Front end
토스랩(JANDI),서울 강남구,Front end
세이프에이아이,서울 서초구,Front end
쿠팡,서울 강남구,Front end
미니쉬테크놀로지,서울 강남구,Front end
에이치나인,서울 성동구,Front end
엑스크루(xcrew),서울 종로구,Front end
한국부동산데이터연구소,서울 마포구,Front end
한국부동산데이터연구소,서울 마포구,Front end
에이치나인,서울 성동구,Front end
트릿지,서울 서초구,Front end
그렙(프로그래머스),서울 서초구,Front end
클래스101(Class101),서울 강남구,Front end
비마이프렌즈,서울 강남구,Front end
씨드앤,서울 성동구,Front end
백두테크놀로지스,서울 강남구,Front end
젠틀파이,서울 강남구,Front end
포티투닷(42dot),경기 성남시,Front end
엠피에이지(MPAG),서울 중구,Front end
에코마케팅,서울 송파구,Front end
페이타랩(패스오더),서울 강남구,Front end
페이타랩(패스오더),서울 강남구,Front end
카미랩,서울 관악구,Front end
파마브로스,서울 강남구,Front end
씨제이이엔엠(CJ ENM),서울 마포구,Front end
더블유닷에이아이,서울 서초구,Front end
스카이월드와이드,서울 강남구,Front end
그릿스탠다드,서울 성동구,Front end
비하베스트,서울 강남구,Front end
중앙일보,서울 마포구,Front end
중앙일보,서울 마포구,Front end
카테노이드,서울 강남구,Front end
피에프씨테크놀로지스,서울 서초구,Front end
피에프씨테크놀로지스,서울 서초구,Front end
아스타,서울 강남구,Front end
인에디트,서울 중구,Front end
올림플래닛(OLIM PLANET),서울 강남구,Front end
와이즈버즈(wisebirds),경기 성남시,Front end
기웅정보통신,서울 금천구,Front end
비유바움,인천 연수구,Front end
넥스트리,서울 금천구,Front end
넥스트리,서울 금천구,Front end
데이터라이즈,서울 강남구,Front end
넥스트리,서울 송파구,Front end
버블탭,서울 강남구,Front end
랭디,서울 관악구,Front end
페이워크,서울 강남구,Front end
엑셈,서울 강서구,Front end
씨디알아이(CDRI),서울 강남구,Front end
바인드,서울 마포구,Front end
바인드,서울 마포구,Front end
버즈빌(buzzvil),서울 송파구,Front end
버즈빌(buzzvil),서울 송파구,Front end
페이타랩(패스오더),서울 강남구,Front end
페이타랩(패스오더),서울 강남구,Front end
조세통람,서울 중구,Front end
룩코,서울 강남구,Front end
모멘티,서울 강남구,Front end
원티드 재팬(wanted),서울,Front end
위베어소프트,서울 강남구,Front end
심스테크,경기 안양시,Front end
하이퍼커넥트,서울 강남구,Front end
엘박스,서울 강남구,Front end
오픈플랜,서울 성동구,Front end
코워크위더스,서울 강남구,Front end
서플라이스,서울 용산구,Front end
이롬넷,서울 강남구,Front end
아파트아이,서울 금천구,Front end
아파트아이,서울 금천구,Front end
알서포트(Rsupport),서울 강동구,Front end
코딧(CODITCorp.),서울 영등포구,Front end
코딧(CODITCorp.),서울 영등포구,Front end
뉴로퓨전,경기 용인시,Front end
우노트레이딩,서울 강남구,Front end
스카이월드와이드,서울 강남구,Front end
스터닝,서울 강남구,Front end
플렉스매치,서울 구로구,Front end
제이제이앤컴퍼니스,서울 마포구,Front end
발란(BALAAN),서울 강남구,Front end
알리콘,서울 성동구,Front end
인피니티익스체인지코리아,서울 강남구,Front end
미디어윌네트웍스(알바천국),서울 강남구,Front end
더매니저,서울 강남구,Front end
뉴스젤리(Newsjelly),서울 성동구,Front end
뉴스젤리(Newsjelly),서울 성동구,Front end
팩트블록(FactBlock),서울 서초구,Front end
베어로보틱스코리아,서울 성동구,Front end
미니레코드,서울 송파구,Front end
에스티로직(STLogic),서울 서초구,Front end
자이언트스텝,서울 강남구,Front end
라이드플럭스,서울 영등포구,Front end
셀레트립,서울 종로구,Front end
폴센트,서울 구로구,Front end
미리디,서울 구로구,Front end
팀프레시,서울 강남구,Front end
리디(RIDI),서울 강남구,Front end
리디(RIDI),서울 강남구,Front end
리디(RIDI),서울 강남구,Front end
리디(RIDI),서울 강남구,Front end
리디(RIDI),서울 강남구,Front end
"브레이브모바일(숨고,Soomgo)",서울 강남구,Front end
무신사,서울 성동구,Front end
"브레이브모바일(숨고,Soomgo)",서울 강남구,Front end
아하앤컴퍼니,서울 강남구,Front end
아이지에이웍스(IGAWorks),서울 용산구,Front end
넷마블,서울 구로구,Front end
아이디에스앤트러스트,서울 강남구,Front end
혜움,서울 강남구,Front end
펄송,서울 강남구,Front end
모두의연구소,서울 강남구,Front end
제로더,서울 동대문구,Front end
구름,경기 성남시,Front end
라이드,서울 서초구,Front end
씨제이올리브영(CJ올리브영),서울 용산구,Front end
채권도시,경기,Front end
시나몬,서울 서초구,Front end
인터엑스,서울 금천구,Front end
체카,경기 수원시,Front end
인터엑스,서울 금천구,Front end
데일리페이,서울 마포구,Front end
포티투닷(42dot),경기 성남시,Front end
두잇 (Doeat),서울 관악구,Front end
두잇 (Doeat),서울 관악구,Front end
레인디어스,서울 서초구,Front end
넛지헬스케어(캐시워크),서울 강남구,Front end
넛지헬스케어(캐시워크),서울 강남구,Front end
클링커즈,서울 관악구,Front end
와드(캐치테이블),경기 성남시,Front end
메사쿠어컴퍼니,서울 강남구,Front end
누비랩,서울 강남구,Front end
포티투닷(42dot),경기 성남시,Front end
아임웹,서울 강남구,Front end
멋쟁이사자처럼,서울 종로구,Front end
널리소프트,서울 영등포구,Front end
한국글로벌널리지네트웍,서울 강남구,Front end
비스텔리젼스,서울 서초구,Front end
오케스트로,서울 영등포구,Front end
오케스트로,서울 영등포구,Front end
오케스트로,서울 영등포구,Front end
호각,서울 강남구,Front end
휴먼컨설팅그룹,경기 성남시,Front end
오픈랩소디,서울 강남구,Front end
비브이씨,서울 마포구,Front end
모나크리빙,서울 강남구,Front end
프롭데이터,서울 강남구,Front end
코코지,서울 강남구,Front end
페칭,서울 서초구,Front end
라이브러리컴퍼니,서울 강남구,Front end
KAYPLE,서울 마포구,Front end
큐리어슬리,서울 서초구,Front end
코너,경기 용인시,Front end
차티드,서울 강남구,Front end
차티드,서울 강남구,Front end
페이타랩(패스오더),서울 강남구,Front end
페이타랩(패스오더),서울 강남구,Front end
타라티피에스,서울 마포구,Front end
뱅크샐러드,서울 마포구,Front end
체인앱시스,서울 강남구,Front end
비하베스트,서울 강남구,Front end
그린카,서울 강남구,Front end
에스티씨랩(STCLab),서울 강남구,Front end
비상교육,경기 과천시,Front end
잇올,서울 서초구,Front end
에이아이비즈,서울 동작구,Front end
고픽커뮤니케이션,서울 성동구,Front end
고픽커뮤니케이션,서울 성동구,Front end
고픽커뮤니케이션,서울 성동구,Front end
코인원(coinone),서울 영등포구,Front end
코인원(coinone),서울 영등포구,Front end
코인원(coinone),서울 영등포구,Front end
옴니버스스튜디오,서울 구로구,Front end
모두싸인,서울 강남구,Front end
모두싸인,서울 강남구,Front end
펑타이그레이터차이나(피티코리아),서울 서초구,Front end
시드케이,서울 서초구,Front end
모니모니,서울 마포구,Front end
강남언니(힐링페이퍼),서울 강남구,Front end
디라티오,서울 강남구,Front end
에브리심,대전 유성구,Front end
플렉슬,경기 성남시,Front end
엔에이치44,서울 용산구,Front end
서울옥션,서울 종로구,Front end
노머스(원더월),서울 강남구,Front end
파더스랩,서울 강남구,Front end
에이블랩스,인천 연수구,Front end
비하베스트,서울 강남구,Front end
더스윙,서울 용산구,Front end
오엔제이,서울 강남구,Front end
차봇모빌리티,서울 성동구,Front end
차봇모빌리티,서울 성동구,Front end
에어벌룬,서울 마포구,Front end
에어벌룬,서울 마포구,Front end
엠알티씨엑스(MRTCX),서울 서초구,Front end
노타(Nota),서울 강남구,Front end
굿닥(goodoc),서울 강남구,Front end
에이블제이,경기 성남시,Front end
씨메스(CMES),서울 강남구,Front end
스카이랩스(SkyLabs),경기 성남시,Front end
엘리스,서울 강남구,Front end
엘리스,서울 강남구,Front end
엘리스,서울 강남구,Front end
엘리스,서울 강남구,Front end
타인에이아이,서울 강남구,Front end
세나클소프트,서울 강남구,Front end
콜라보스페이스,서울 성동구,Front end
스펙터,서울 강남구,Front end
에듀이엔브이,경기 수원시,Front end
엘오엘,서울 서대문구,Front end
아몬드컴퍼니,서울 강남구,Front end
자비스앤빌런즈(삼쩜삼),서울 강남구,Front end
라이브러리컴퍼니,서울 강남구,Front end
피아스페이스,서울 서초구,Front end
아이헤이트플라잉버그스,서울 영등포구,Front end
아정네트웍스,서울 강남구,Front end
넷마블,서울 구로구,Front end
프리모리스엔젯리미티드(IKC),서울 강남구,Front end
매스프레소(콴다),서울 강남구,Front end
데브시스터즈(Devsisters),서울 강남구,Front end
아이스크림아트,서울 강남구,Front end
베스텔라랩,경기 안양시,Front end
베스텔라랩,경기 안양시,Front end
인라이플,서울 구로구,Front end
컨시언스파트너스,경기 구리시,Front end
앤서스랩코리아,서울 강남구,Front end
업라이즈,서울 강남구,Front end
니더(급구),부산 해운대구,Front end
니더(급구),서울 강남구,Front end
니더(급구),부산 해운대구,Front end
제로더,서울 동대문구,Front end
매드업,서울 서초구,Front end
포티투닷(42dot),경기 성남시,Front end
비글즈,경기 성남시,Front end
벨테라퓨틱스,서울 강남구,Front end
딥센트,서울 동작구,Front end
기웅정보통신,서울 금천구,Front end
팀스파르타,서울 강남구,Front end
팀스파르타,서울 강남구,Front end
위메이드(WEMADE),경기 성남시,Front end
페르미,서울 강남구,Front end
씨제이올리브영(CJ올리브영),서울 용산구,Front end
앤서스랩코리아,서울 강남구,Front end
앤서스랩코리아,서울 강남구,Front end
사고링크,서울 강남구,Front end
클래스유,서울 중구,Front end
알스퀘어,서울 강남구,Front end
콘텐츠퍼스트(Tappytoon/태피툰),서울 강남구,Front end
프리즘투자자문,서울 강남구,Front end
낭만상회,서울 강남구,Front end
낭만상회,서울 강남구,Front end
낭만상회,서울 강남구,Front end
낭만상회,서울 강남구,Front end
글로지(GloZ),서울 금천구,Front end
에이치아이티,서울 서초구,Front end
헤렌,서울 성동구,Front end
메이크스타,서울 강남구,Front end
렌트리,서울 마포구,Front end
로그프레소,서울 마포구,Front end
메가인포아이티,서울 금천구,Front end
오픈에셋,서울 강남구,Front end
클라썸,서울 강남구,Front end
부스터스,서울 강남구,Front end
그립컴퍼니,경기 성남시,Front end
이노그리드,서울 중구,Front end
무신사,서울 성동구,Front end
프리윌린,서울 관악구,Front end
어베어(윈들리),서울 강남구,Front end
어베어(윈들리),서울 강남구,Front end
리걸케어,서울 서초구,Front end
브레이크앤컴퍼니,서울 강남구,Front end
비댁스,서울 강남구,Front end
누리미디어(DBpia),서울 마포구,Front end
딥노이드(Deepnoid),서울 구로구,Front end
딥노이드(Deepnoid),서울 구로구,Front end
메딜리티,서울 강남구,Front end
중고나라,서울 강남구,Front end
다날(Danal),경기 성남시,Front end
다날(Danal),경기 성남시,Front end
와탭랩스(WhaTapLabs),서울 서초구,Front end
위티,서울 종로구,Front end
월드와이드비즈니스웹,경기 성남시,Front end
벳칭,서울 서초구,Front end
룰루메딕,서울 서초구,Front end
룰루메딕,서울 서초구,Front end
한터글로벌,서울 강남구,Front end
루벤티스,서울 강남구,Front end
엔닷라이트,경기 성남시,Front end
쿠팡,서울 송파구,Front end
세븐픽쳐스,서울 마포구,Front end
돌봄드림,경기 성남시,Front end
슈퍼브에이아이(Superb AI),서울 강남구,Front end
사이오닉에이아이,서울 강남구,Front end
메디플러스솔루션,서울 종로구,Front end
씨제이올리브영(CJ올리브영),서울 용산구,Front end
씨제이올리브영(CJ올리브영),서울 용산구,Front end
코드잇(codeit),서울 중구,Front end
가제트코리아,서울 마포구,Front end
럭스로보(LUXROBO),서울 강남구,Front end
포페런츠,서울 성동구,Front end
여기어때컴퍼니,서울 강남구,Front end
패스트레인(여신티켓),서울 강남구,Front end
주토피아프레시,서울 서초구,Front end
놀유니버스,경기 성남시,Front end
푼타컴퍼니,서울 영등포구,Front end
딥앤하이,서울 광진구,Front end
컬리,서울 강남구,Front end
콘텐츠퍼스트(Tappytoon/태피툰),서울 강남구,Front end
페이히어,서울 강남구,Front end
누아,서울 중구,Front end
타운즈,서울 강남구,Front end
우리엔,경기 화성시,Front end
모션랩스,서울 성동구,Front end
플레이타임,서울 강남구,Front end
용감한파커들,경기 성남시,Front end
제네시스랩,서울 중구,Front end
전능아이티,서울 서초구,Front end
휴머스온,서울 강남구,Front end
웰트(WELT),서울 서초구,Front end
에스케이씨앤씨(SK C&C),경기 성남시,Front end
닥터다이어리,서울 서초구,Front end
키다리스튜디오,서울 성동구,Front end
위메이드(WEMADE),경기 성남시,Front end
지엔터프라이즈,서울 강남구,Front end
지엔터프라이즈,서울 강남구,Front end
라이너(Liner),서울 마포구,Front end
라이너(Liner),서울 마포구,Front end
루티너리,서울 서초구,Front end
백패커,서울 서초구,Front end
이그레브,서울 마포구,Front end
부지런컴퍼니,서울 송파구,Front end
스테이폴리오,서울 종로구,Front end
피엑스디(pxd),서울 성동구,Front end
아이쉴드,서울 강남구,Front end
엔젤스윙,서울 서초구,Front end
엔젤스윙,서울 서초구,Front end
엔젤스윙,서울 서초구,Front end
엔젤스윙,서울 서초구,Front end
워시스왓(세탁특공대),서울 강남구,Front end
리비바이오,서울 강남구,Front end
리비바이오,서울 강남구,Front end
고운앤컴퍼니,서울 강남구,Front end
리비바이오,서울 강남구,Front end
리비바이오,서울 강남구,Front end
레브잇,서울 관악구,Front end
레브잇,서울 관악구,Front end
가우스랩스(Gauss Labs),서울 강남구,Front end
그위피파트너스,경기 김포시,Front end
심플컴퍼니,서울 광진구,Front end
페이버릿미디엄,서울 강남구,Front end
두요,서울 관악구,Front end
메인메타,서울 강남구,Front end
스튜디오키코,서울 성동구,Front end
오픈엣지스퀘어,서울 강남구,Front end
우아한형제들(배달의민족),서울 송파구,Front end
로우키코드(DELIGHT LABS),서울 강남구,Front end
카운터포인트리서치,서울 강남구,Front end
에스티로직(STLogic),서울 서초구,Front end
모던라이언,서울 영등포구,Front end
아파트멘터리,서울 강남구,Front end
아파트멘터리,서울 강남구,Front end
아파트멘터리,서울 강남구,Front end
슈프리마,경기 성남시,Front end
넥스트그라운드,서울 강남구,Front end
에듀윌,서울 구로구,Front end
인크루트,서울 중구,Front end
오더체크,서울 강남구,Front end
마이페어,서울 강남구,Front end
비버웍스,서울 강남구,Front end
넥스트에디션,서울 마포구,Front end
편안랩스,서울 강남구,Front end
더블유컨셉코리아(W컨셉),서울 강남구,Front end
두요,서울 관악구,Front end
아더월드,서울 성동구,Front end
워드바이스,서울 강남구,Front end
스푼랩스,서울 강남구,Front end
후플렉스,서울 서초구,Front end
제로더,서울 동대문구,Front end
무신사,서울 성동구,Front end
포트로직스,경기 성남시,Front end
씨드로닉스,서울 강남구,Front end
시어스랩(Seerslab),서울 서초구,Front end
구름,경기 성남시,Front end
구름,경기 성남시,Front end
구름,경기 성남시,Front end
구름,경기 성남시,Front end
톤28,경기 성남시,Front end
모두싸인,서울 강남구,Front end
케이더블유이코리아,서울 강서구,Front end
한국기술마켓,충남 천안시,Front end
위메이드(WEMADE),경기 성남시,Front end
지에이티글로벌,경기 고양시,Front end
지에이티글로벌,경기 고양시,Front end
삼양식품,서울 성동구,Front end
폴라리스쓰리디(Polaris3D),경북 포항시,Front end
페치,서울 강남구,Front end
푼타컴퍼니,서울 영등포구,Front end
오픈플랜,서울 성동구,Front end
플래닝고,서울 관악구,Front end
네오사피엔스(타입캐스트),서울 강남구,Front end
클린일렉스,경기 군포시,Front end
피프틴에이치,서울 성동구,Front end
에이비제트,서울 서초구,Front end
비상교육,경기 과천시,Front end
비상교육,경기 과천시,Front end
아이파킹,서울 금천구,Front end
큐플레이스,서울 용산구,Front end
파이온코퍼레이션,서울 강남구,Front end
레디포스트,서울 강남구,Front end
두어스,서울 서초구,Front end
라이프페스타,서울 강남구,Front end
미림미디어랩,서울 강서구,Front end
문카데미,서울 종로구,Front end
그린도트,서울 영등포구,Front end
두번째,경기 광주시,Front end
크리에이트립,서울 강남구,Front end
구루컴퍼니,경기 성남시,Front end
버닛,서울 금천구,Front end
딜리버리랩,서울 성동구,Front end
마브렉스,서울 구로구,Front end
스튜디오씨드코리아(프로토파이),서울 용산구,Front end
이수시스템,서울 서초구,Front end
블루밍그레이스,서울 강남구,Front end
바비톡,서울 서초구,Front end
이큐브랩 (Ecube Labs),서울 구로구,Front end
샵라이브,서울 강남구,Front end
샵라이브,서울 강남구,Front end
이노버스,서울 강남구,Front end
메디팔(MedipalInc.),서울 강남구,Front end
빗썸,서울 강남구,Front end
아우토크립트,서울 강남구,Front end
씨제이올리브영(CJ올리브영),서울 용산구,Front end
블록에스,서울 영등포구,Front end
에피소든,서울 강남구,Front end
도르코퍼레이션,서울 강남구,Front end
유니드컴즈,서울 마포구,Front end
오누이(설탭),서울 마포구,Front end
올림플래닛(OLIM PLANET),서울 강남구,Front end
에임(AIM),서울 강남구,Front end
넥서스커뮤니티,서울 영등포구,Front end
호패,서울 강남구,Front end
트루밸류,대전 서구,Front end
씨제이올리브영(CJ올리브영),서울 용산구,Front end
위드네트웍스,서울 강서구,Front end
코니스트,서울 마포구,Front end
버티컬바,서울 강남구,Front end
아이클루드,서울 강서구,Front end
워드브릭스,서울 관악구,Front end
이지바로,서울 구로구,Front end
구름,경기 성남시,Front end
포티투닷(42dot),경기 성남시,Front end
에코앤리치,서울 성동구,Front end
이브로드캐스팅,서울 영등포구,Front end
브룩허스트거라지(B GARAGE),경기 성남시,Front end
메라키플레이스,서울 강남구,Front end
다날(Danal),경기 성남시,Front end
다날(Danal),경기 성남시,Front end
엔카닷컴,서울 중구,Front end
마야크루,서울 마포구,Front end
도슨티,서울 관악구,Front end
북틀,서울 마포구,Front end
기아,서울 서초구,Front end
기아,서울 서초구,Front end
엘리스,서울 강남구,Front end
겟차,서울 강남구,Front end
제로엑스플로우,서울 마포구,Front end
파인테크소프트,서울 서초구,Front end
전능아이티,서울 서초구,Front end
핌아시아,서울 강남구,Front end
앤서스랩코리아,서울 강남구,Front end
빗썸,서울 강남구,Front end
제이앤피메디(JNPMEDI),인천 연수구,Front end
오토엘(AutoL),경기 성남시,Front end
머스트핀테크,서울 강남구,Front end
위펀(스낵24),서울 강남구,Front end
이브로드캐스팅,서울 영등포구,Front end
마스터웨이,서울 강서구,Front end
케이비헬스케어(KB헬스케어),서울 강남구,Front end
캐치잇플레이(Catch it english),서울,Front end
에이젠글로벌,서울 영등포구,Front end
코딧(CODITCorp.),서울 영등포구,Front end
이디피랩,서울 종로구,Front end
엔쓰리엔(N3N),서울 강남구,Front end
콘센트릭스서비스코리아CATALYST,서울 용산구,Front end
마스오토,서울 서초구,Front end
셀틱스테크놀로지,경기 용인시,Front end
아이브,서울 서초구,Front end
하이테커,서울 성동구,Front end
넥스트컬쳐,서울 강남구,Front end
넥스트컬쳐,서울 강남구,Front end
캐럿솔루션즈,서울 서초구,Front end
브이엠아이씨,서울 마포구,Front end
넥스트컬쳐,서울 강남구,Front end
에스케이씨앤씨(SK C&C),경기 성남시,Front end
브룩허스트거라지(B GARAGE),경기 성남시,Front end
시그니처알앤디,경기 광명시,Front end
구름,경기 성남시,Front end
일루넥스,경기 고양시,Front end
파미셀,경기 성남시,Front end
파이프트리스마트팜(PAIPTREESmartFarmInc.),서울 강남구,Front end
북스파이더,경기 파주시,Front end
에듀이엔브이,경기 수원시,Front end
엘리스,서울 강남구,Front end
넥스트컬쳐,서울 강남구,Front end
뤼튼테크놀로지스,서울 서초구,Front end
원티드 재팬(wanted),서울,Front end
미르니,서울 관악구,Front end
휴맥스네트웍스,경기 성남시,Front end
아이오트러스트,서울 강남구,Front end
크로논랩스,서울 마포구,Front end
엔카닷컴,서울 중구,Front end
뤼튼테크놀로지스,서울 서초구,Front end
토스플레이스,서울 강남구,Front end
비버웍스,서울 강남구,Front end
아정네트웍스,서울 강남구,Front end
테서,서울 강남구,Front end
비버웍스,서울 강남구,Front end
콜로세움코퍼레이션,서울 강남구,Front end
비사이드코리아,서울 중구,Front end
그래비티랩스,서울 강남구,Front end
심시스글로벌,서울 서초구,Front end
쿠팡,서울 송파구,Front end
밀리만코리아(Milliman),서울 중구,Front end
미르니,서울 관악구,Front end
소프트스퀘어드,서울 서초구,Front end
네오랩컨버전스(NeoLab),서울 구로구,Front end
에이아이투유,경기 안산시,Front end
컬리,서울 강남구,Front end
에이엠매니지먼트,서울 강남구,Front end
엔츠,서울 강남구,Front end
마크비전코리아,서울 서초구,Front end
위레이저,서울 구로구,Front end
에픽코퍼레이션,서울 성동구,Front end
지구하다,서울 성동구,Front end
라프텔(Laftel),서울 영등포구,Front end
에디트콜렉티브,서울 강남구,Front end
마바산업,서울 강남구,Front end
오토위니,서울 강남구,Front end
현대캐피탈,서울 중구,Front end
해줌,서울 송파구,Front end
스팬딧(Spendit),서울 성동구,Front end
지니언스,경기 안양시,Front end
드래프티파이,서울 강남구,Front end
셰어라운드,서울 종로구,Front end
포지큐브(POSICUBE),서울 강남구,Front end
아이트럭,서울 서초구,Front end
코리아포트원,서울 성동구,Front end
인졀미,서울 서초구,Front end
스매시,서울 강남구,Front end
지바이크(gbike),서울 강남구,Front end
채널코퍼레이션,서울 강남구,Front end
뱅크샐러드,서울 마포구,Front end
위버스컴퍼니(WEVERSE COMPANY),경기 성남시,Front end
씨제이올리브영(CJ올리브영),서울 용산구,Front end
크림(KREAM),경기 성남시,Front end
이지케어텍,서울 중구,Front end
베링랩,서울 마포구,Front end
문리버,서울 구로구,Front end
버터플라잉,서울 송파구,Front end
문리버,서울 구로구,Front end
에이비일팔공(AB180),서울 서초구,Front end
선데이띵커,서울 마포구,Front end
크림(KREAM),경기 성남시,Front end
휴브알엔씨,서울 송파구,Front end
플라스크,서울 강남구,Front end
제이앤피메디(JNPMEDI),인천 연수구,Front end
에이슨,서울 강서구,Front end
지니언스,경기 안양시,Front end
이그나이트,경기 성남시,Front end
제로원에이아이,경기 성남시,Front end
딩코,서울 강남구,Front end
솔로트립,서울 강남구,Front end
와탭랩스(WhaTapLabs),서울 서초구,Front end
넷스루,서울 성동구,Front end
데이터메이커,대전 유성구,Front end
데이터메이커,대전 유성구,Front end
브릭,경기 성남시,Front end
브릭,경기 성남시,Front end
아이트럭,서울 서초구,Front end
에이슨,서울 강서구,Front end
애디터(Yess),서울 강남구,Front end
다이얼로그디자인에이전시,서울 송파구,Front end
플립커뮤니케이션즈,서울 강남구,Front end
유니크굿컴퍼니,서울 성동구,Front end
휴맥스네트웍스,경기 성남시,Front end
제노소프트,서울 금천구,Front end
디어유,서울 강남구,Front end
유디아이디(UDID),서울 구로구,Front end
베어런,서울 강남구,Front end
호두에이아이랩,서울 관악구,Front end
미리디,서울 구로구,Data
스푼랩스,서울 강남구,Data
콘텐츠웨이브(wavve),서울 영등포구,Data
스트리미(Streami),서울 강남구,Data
테크핀레이팅스,서울 중구,Data
얼라인파트너스자산운용,서울 영등포구,Data
레브잇,서울 관악구,Data
유클릭,경기 과천시,Data
여기어때컴퍼니,서울 강남구,Data
리트리버살롱,서울 서대문구,Data
미니쉬테크놀로지,서울 강남구,Data
미리비트,경기 성남시,Data
지엔에이컴퍼니,서울 서초구,Data
앰버로드,서울 강남구,Data
밀리의서재,서울 마포구,Data
앰버로드,서울 강남구,Data
티비유,서울 서초구,Data
파수,서울 마포구,Data
에이비일팔공(AB180),서울 서초구,Data
데이터라이즈,서울 강남구,Data
데이터라이즈,서울 강남구,Data
데이터라이즈,서울 강남구,Data
버블탭,서울 강남구,Data
아이오트러스트,서울 강남구,Data
엑셈,서울 강서구,Data
코인원(coinone),서울 영등포구,Data
클럽콘크리트,서울 마포구,Data
바이오리서치에이아이,서울 강남구,Data
두나무(업비트/증권플러스),서울 서초구,Data
월급쟁이부자들,서울 서초구,Data
월급쟁이부자들,서울 서초구,Data
디써클,서울 마포구,Data
시크한,서울 관악구,Data
파인더스,경기 하남시,Data
스카이월드와이드,서울 강남구,Data
스카이월드와이드,서울 강남구,Data
스카이월드와이드,서울 강남구,Data
스카이월드와이드,서울 강남구,Data
베이글코드(Bagelcode),서울 강남구,Data
다우기술,경기 성남시,Data
미니레코드,서울 송파구,Data
엘박스,서울 강남구,Data
라플라스테크놀로지스,경기 성남시,Data
펑타이그레이터차이나(피티코리아),서울 강남구,Data
한국신용데이터(KCD),서울 강남구,Data
콜로세움코퍼레이션,서울 강남구,Data
워트인텔리전스,서울 서초구,Data
워트인텔리전스,서울 서초구,Data
메디플러스솔루션,서울 종로구,Data
씨드앤,서울 성동구,Data
클래스유,서울 중구,Data
윌로그,서울 강남구,Data
윌로그,서울 강남구,Data
스테이션3(다방),서울 서초구,Data
넷마블,서울 구로구,Data
넷마블,서울 구로구,Data
포티투닷(42dot),경기 성남시,Data
두잇 (Doeat),서울 관악구,Data
두잇 (Doeat),서울 관악구,Data
넛지헬스케어(캐시워크),서울 강남구,Data
와드(캐치테이블),경기 성남시,Data
와드(캐치테이블),경기 성남시,Data
와드(캐치테이블),경기 성남시,Data
아임웹,서울 강남구,Data
크몽(kmong),서울 서초구,Data
우아한형제들(배달의민족),서울 송파구,Data
콜로세움코퍼레이션,서울 강남구,Data
뱅크샐러드,서울 마포구,Data
크라우드웍스,서울 강남구,Data
카카오뱅크(kakaobank),경기 성남시,Data
카카오뱅크(kakaobank),경기 성남시,Data
강남언니(힐링페이퍼),서울 강남구,Data
그린카,서울 강남구,Data
비상교육,경기 과천시,Data
블리몽키즈,서울 마포구,Data
블리몽키즈,서울 마포구,Data
두나무(업비트/증권플러스),서울 서초구,Data
얼터너티브자산운용,서울 강남구,Data
강남언니(힐링페이퍼),서울 강남구,Data
에스티로직(STLogic),서울 서초구,Data
쿠팡,서울 송파구,Data
디큐랩,경기 파주시,Data
컴투스플랫폼,서울 금천구,Data
인포유앤컴퍼니,서울 성동구,Data
인포유앤컴퍼니,서울 성동구,Data
스카이랩스(SkyLabs),경기 성남시,Data
스카이랩스(SkyLabs),경기 성남시,Data
레디포스트,서울 강남구,Data
디써클,서울 마포구,Data
웅진,서울 중구,Data
브이씨,서울 강남구,Data
라플라스테크놀로지스,경기 성남시,Data
카카오페이증권(kakaopay증권),경기 성남시,Data
백패커,서울 서초구,Data
카카오모빌리티(kakaomobility),경기 성남시,Data
와디즈,경기 성남시,Data
코너스톤파트너스디지털,서울 강남구,Data
베스텔라랩,경기 안양시,Data
베스텔라랩,경기 안양시,Data
오픈놀,서울 마포구,Data
트릿지,서울 서초구,Data
기웅정보통신,서울 금천구,Data
라이너(Liner),서울 마포구,Data
라이너(Liner),서울 마포구,Data
앤서스랩코리아,서울 강남구,Data
앤서스랩코리아,서울 강남구,Data
마이리얼트립,서울 서초구,Data
한국딥러닝,서울 서초구,Data
한국딥러닝,서울 서초구,Data
한국딥러닝,서울 서초구,Data
메이크스타,서울 강남구,Data
아키스케치,서울 성동구,Data
데브시스터즈(Devsisters),서울 강남구,Data
데브시스터즈(Devsisters),서울 강남구,Data
보로노이,인천 연수구,Data
보로노이,인천 연수구,Data
보로노이,인천 연수구,Data
핵클(Hackle),서울 강남구,Data
웨이커,서울 강남구,Data
지엔터프라이즈,서울 강남구,Data
이노그리드,서울 중구,Data
브레인커머스,서울 강남구,Data
코드잇(codeit),서울 중구,Data
럭스로보(LUXROBO),서울 강남구,Data
카이헬스,서울 강남구,Data
엔미디어플랫폼,서울 송파구,Data
비큐에이아이,서울 중구,Data
여기어때컴퍼니,서울 강남구,Data
넛지헬스케어(캐시워크),서울 강남구,Data
누리미디어(DBpia),서울 마포구,Data
펫프렌즈,서울 강남구,Data
텔레픽스,서울 영등포구,Data
디셈버앤컴퍼니(핀트),서울 강남구,Data
샵라이브,서울 강남구,Data
이마고웍스,서울 강남구,Data
라이너(Liner),서울 마포구,Data
라이너(Liner),서울 마포구,Data
알테어엔지니어링,경기 성남시,Data
레브잇,서울 관악구,Data
핀다(FINDA),서울,Data
자비스앤빌런즈(삼쩜삼),서울 강남구,Data
자비스앤빌런즈(삼쩜삼),서울 강남구,Data
카카오헬스케어,경기 성남시,Data
트리플콤마(골드스푼),서울 강남구,Data
하이퍼커넥트,서울 강남구,Data
디오비스튜디오,서울 마포구,Data
원티드랩,서울 송파구,Data
토스페이먼츠,서울 강남구,Data
토스페이먼츠,서울 강남구,Data
씨제이이엔엠(CJ ENM),서울 마포구,Data
트래블월렛,서울 강남구,Data
위대한상상(요기요),서울 서초구,Data
코인원(coinone),서울 영등포구,Data
버닛,서울 금천구,Data
스푼랩스,서울 강남구,Data
이지식스(엠블),서울 강남구,Data
빗썸,서울 강남구,Data
아하랩스,경기 성남시,Data
비상교육,경기 과천시,Data
비상교육,경기 과천시,Data
우아한형제들(배달의민족),서울 송파구,Data
우아한형제들(배달의민족),서울 송파구,Data
컬리,서울 강남구,Data
람다256,서울 서초구,Data
디어유,서울 강남구,Data
이수시스템,서울 서초구,Data
티비유,서울 서초구,Data
제이앤피메디(JNPMEDI),인천 연수구,Data
메디웨일,서울 강남구,Data
이마고웍스,서울 강남구,Data
넥서스커뮤니티,서울 영등포구,Data
에이블리코퍼레이션,서울 서초구,Data
바이트사이즈,부산 부산진구,Data
바이트사이즈,부산 부산진구,Data
레진엔터테인먼트,서울 성동구,Data
에비드넷,서울 강남구,Data
다날(Danal),경기 성남시,Data
중앙일보,서울 마포구,Data
도슨티,서울 관악구,Data
중앙일보,서울 마포구,Data
에스케이씨앤씨(SK C&C),경기 성남시,Data
에스케이씨앤씨(SK C&C),경기 성남시,Data
텔레픽스,서울 영등포구,Data
플랜바이테크놀로지스,서울 강남구,Data
마인즈앤컴퍼니,서울 강남구,Data
데브시스터즈(Devsisters),서울 강남구,Data
미리비트,경기 성남시,Data
미리비트,경기 성남시,Data
카운터포인트리서치,서울 강남구,Data
원티드 재팬(wanted),서울,Data
토르드라이브,서울 영등포구,Data
해긴,서울 구로구,Data
크로논랩스,서울 마포구,Data
마인즈앤컴퍼니,서울 강남구,Data
로완,서울 중구,Data
로완,서울 중구,Data
로완,서울 중구,Data
로완,서울 중구,Data
원라인에이아이,서울 마포구,Data
업스테이지,경기,Data
미르니,서울 관악구,Data
엘리스,서울 강남구,Data
메타넷글로벌,서울 강남구,Data
누리미디어(DBpia),서울 마포구,Data
카카오페이(kakaopay),경기 성남시,Data
엔비티(NBT),서울 서초구,Data
엘리스,서울 강남구,Data
기어세컨드,서울 마포구,Data
빅밸류,서울 중구,Data
컬리,서울 강남구,Data
빗썸,서울 강남구,Data
포지큐브(POSICUBE),서울 강남구,Data
안티그래비티,서울 성동구,Data
이노케어플러스,서울 서초구,Data
컨포트랩,서울 강남구,Data
드래프티파이,서울 강남구,Data
포지큐브(POSICUBE),서울 강남구,Data
셰어라운드,서울 종로구,Data
포지큐브(POSICUBE),서울 강남구,Data
뷰노,서울 서초구,Data
스페이스비전에이아이,서울 마포구,Data
코나아이,경기 김포시,Data
피플리,서울 마포구,Data
골든플래닛,서울 강남구,Data
디오에프연구소,서울 성동구,Data
누리인포스,경기 성남시,Data
현대캐피탈,서울 중구,Data
더리얼그룹,서울 성동구,Data
와탭랩스(WhaTapLabs),서울 서초구,Data
한국그린데이터,서울 서초구,Data
모플,대전 유성구,Data
빗썸,서울 강남구,Data
윌로그,서울 강남구,Data
와이피랩스(커넥팅),서울 강남구,Data
테서,서울 강남구,Data
쿼리시스템즈,경기 성남시,Data
인핸스(Enhans),서울 서초구,Data
다이얼로그디자인에이전시,서울 송파구,Data
머신앤비전,충남 천안시,Data
인핸스(Enhans),서울 서초구,Data
락플레이스,서울 종로구,Data
아인잡(AINJOB),서울 강남구,Data
교보문고,서울 마포구,Data
교보문고,서울 마포구,Data
